{"category_last_refresh": 87426.519434455, "programme_last_refresh": 87448.54365843}