{"category_last_refresh": 67463.231936361, "programme_last_refresh": 67477.966238688}