{"category_last_refresh": 139643.493727264, "programme_last_refresh": 139661.657591593}